Informazioni cronologiche,Inserisci qui il tuo Prolific ID:,"Definizione: 'Regolare o sincronizzare processi biologici con dispositivi tecnologici, spesso utilizzato in biotecnologie avanzate'.
Parola: biomatizzare [Novità]","Definizione: 'Regolare o sincronizzare processi biologici con dispositivi tecnologici, spesso utilizzato in biotecnologie avanzate'.
Parola: biomatizzare [Aderenza (alla definizione)]","Definizione: 'Capace di variare la propria elasticità in funzione del tempo, utilizzato in materiali avanzati'.
Parola: elastoelastico [Novità]","Definizione: 'Capace di variare la propria elasticità in funzione del tempo, utilizzato in materiali avanzati'.
Parola: elastoelastico [Aderenza (alla definizione)]","Definizione: 'Abitazione futuristica che sfrutta l'energia eolica per la propria autosufficienza energetica, progettata per ambienti ventosi'. 
Parola: windowcase [Novità]","Definizione: 'Abitazione futuristica che sfrutta l'energia eolica per la propria autosufficienza energetica, progettata per ambienti ventosi'. 
Parola: windowcase [Aderenza (alla definizione)]","Definizione: 'Disegnare o tracciare forme sulla terra o su superfici naturali, utilizzato spesso in contesti artistici o rituali'. 
Parola: cartoonizzare [Novità]","Definizione: 'Disegnare o tracciare forme sulla terra o su superfici naturali, utilizzato spesso in contesti artistici o rituali'. 
Parola: cartoonizzare [Aderenza (alla definizione)]","Definizione: 'Fornire assistenza sanitaria a distanza con strumenti digitali'. 
Parola: teleassistere [Novità]","Definizione: 'Fornire assistenza sanitaria a distanza con strumenti digitali'. 
Parola: teleassistere [Aderenza (alla definizione)]","Definizione: 'Il mutamento del sistema politico democratico in uno populista'. 
Parola: populizzare [Novità]","Definizione: 'Il mutamento del sistema politico democratico in uno populista'. 
Parola: populizzare [Aderenza (alla definizione)]","Definizione: 'Campo di studio che esplora l'interazione tra processi neuronali e fenomeni quantistici, con applicazioni in neuroscienze e fisica teorica'. 
Parola: neuroquantistica [Novità]","Definizione: 'Campo di studio che esplora l'interazione tra processi neuronali e fenomeni quantistici, con applicazioni in neuroscienze e fisica teorica'. 
Parola: neuroquantistica [Aderenza (alla definizione)]","Definizione: 'Obbligazioni distribuite in criptovalute'.
Parola: criptobond [Novità]","Definizione: 'Obbligazioni distribuite in criptovalute'.
Parola: criptobond [Aderenza (alla definizione)]","Definizione: 'Il riflesso della luna sull'acqua'. 
Parola: lapislazzula [Novità]","Definizione: 'Il riflesso della luna sull'acqua'. 
Parola: lapislazzula [Aderenza (alla definizione)]","Definizione: 'L’irrefrenabile desiderio di viaggiare'. 
Parola: micelinismo [Novità]","Definizione: 'L’irrefrenabile desiderio di viaggiare'. 
Parola: micelinismo [Aderenza (alla definizione)]","Definizione: 'Pianta bassa con fusto non legnoso'. 
Parola: erba [Novità]","Definizione: 'Pianta bassa con fusto non legnoso'. 
Parola: erba [Aderenza (alla definizione)]","Definizione: 'Di natura eterea ma energetica, combinando leggerezza e forza'. 
Parola: eteroetereo [Novità]","Definizione: 'Di natura eterea ma energetica, combinando leggerezza e forza'. 
Parola: eteroetereo [Aderenza (alla definizione)]","Definizione: 'Ombrello che ruota automaticamente in base alla direzione da cui proviene il vento in modo da riparare meglio dalla pioggia'.
Parola: acchiappapolle [Novità]","Definizione: 'Ombrello che ruota automaticamente in base alla direzione da cui proviene il vento in modo da riparare meglio dalla pioggia'.
Parola: acchiappapolle [Aderenza (alla definizione)]","Definizione: 'Struttura modulare autosufficiente che replica un ecosistema in miniatura, progettata per studi ambientali e utilizzo domestico'. 
Parola: bioecostruttura [Novità]","Definizione: 'Struttura modulare autosufficiente che replica un ecosistema in miniatura, progettata per studi ambientali e utilizzo domestico'. 
Parola: bioecostruttura [Aderenza (alla definizione)]","Definizione: 'Guanto dotato di sensori neurali, utilizzato per il controllo a distanza di dispositivi tramite segnali cerebrali'.
Parola: neurogiga [Novità]","Definizione: 'Guanto dotato di sensori neurali, utilizzato per il controllo a distanza di dispositivi tramite segnali cerebrali'.
Parola: neurogiga [Aderenza (alla definizione)]","Definizione: 'Relativo all'integrazione di tecnologie avanzate nelle pratiche botaniche, utilizzato per descrivere innovazioni in agricoltura e orticoltura'. 
Parola: agrotecnologico [Novità]","Definizione: 'Relativo all'integrazione di tecnologie avanzate nelle pratiche botaniche, utilizzato per descrivere innovazioni in agricoltura e orticoltura'. 
Parola: agrotecnologico [Aderenza (alla definizione)]","Definizione: 'Che riguarda o contiene zolfo, spesso utilizzato per descrivere ambienti geologici o fenomeni chimici'. 
Parola: zolfoso [Novità]","Definizione: 'Che riguarda o contiene zolfo, spesso utilizzato per descrivere ambienti geologici o fenomeni chimici'. 
Parola: zolfoso [Aderenza (alla definizione)]","Definizione: 'Che evoca la freschezza e delicatezza della rugiada del mattino, utilizzato per descrivere superfici o atmosfere leggere e fresche'. 
Parola: neolivo [Novità]","Definizione: 'Che evoca la freschezza e delicatezza della rugiada del mattino, utilizzato per descrivere superfici o atmosfere leggere e fresche'. 
Parola: neolivo [Aderenza (alla definizione)]","Definizione: 'Ramo della biologia che studia le caratteristiche del mondo vegetale'. 
Parola: duciampo [Novità]","Definizione: 'Ramo della biologia che studia le caratteristiche del mondo vegetale'. 
Parola: duciampo [Aderenza (alla definizione)]","Definizione: 'Che rivela o scopre qualcosa in modo sorprendente o inaspettato'. 
Parola: fantasigilliano [Novità]","Definizione: 'Che rivela o scopre qualcosa in modo sorprendente o inaspettato'. 
Parola: fantasigilliano [Aderenza (alla definizione)]","Definizione: 'Tecnologia indossabile per monitorare i livelli di glucosio nel sangue in tempo reale tramite connessione wireless'. 
Parola: diabetometro [Novità]","Definizione: 'Tecnologia indossabile per monitorare i livelli di glucosio nel sangue in tempo reale tramite connessione wireless'. 
Parola: diabetometro [Aderenza (alla definizione)]","Definizione: 'Specie vegetale che cresce nutrendosi di rifiuti nucleari'. 
Parola: pseudonuclide [Novità]","Definizione: 'Specie vegetale che cresce nutrendosi di rifiuti nucleari'. 
Parola: pseudonuclide [Aderenza (alla definizione)]","Definizione: 'Far levitare un oggetto utilizzando l'acqua o una superficie liquida, spesso studiato in tecnologie avanzate'. 
Parola: hydraulicizzare [Novità]","Definizione: 'Far levitare un oggetto utilizzando l'acqua o una superficie liquida, spesso studiato in tecnologie avanzate'. 
Parola: hydraulicizzare [Aderenza (alla definizione)]","Definizione: 'Una sensazione lieve e fugace di nostalgia che si manifesta improvvisamente in un momento felice'.
Parola: neofelicità [Novità]","Definizione: 'Una sensazione lieve e fugace di nostalgia che si manifesta improvvisamente in un momento felice'.
Parola: neofelicità [Aderenza (alla definizione)]","Definizione: 'Disciplina che studia l'evoluzione dei sistemi elettronici attraverso l'applicazione di principi evolutivi'.
Parola: elevotecnica [Novità]","Definizione: 'Disciplina che studia l'evoluzione dei sistemi elettronici attraverso l'applicazione di principi evolutivi'.
Parola: elevotecnica [Aderenza (alla definizione)]","Definizione: 'Quasi trasparente, ma con una lucentezza opaca che lascia intravedere appena le forme sottostanti'.
Parola: semichiaro [Novità]","Definizione: 'Quasi trasparente, ma con una lucentezza opaca che lascia intravedere appena le forme sottostanti'.
Parola: semichiaro [Aderenza (alla definizione)]","Definizione: 'Un discorso o una serie di parole che, per la loro leggerezza e fluidità, sembrano fluttuare nell'aria'.
Parola: apofteam [Novità]","Definizione: 'Un discorso o una serie di parole che, per la loro leggerezza e fluidità, sembrano fluttuare nell'aria'.
Parola: apofteam [Aderenza (alla definizione)]"
06/09/2024 11.29.00,5f0da6848c9769018bb99f27,4,2,4,2,1 (min),2,2,2,2,4,1 (min),4,4,4,3,4,1 (min),2,4,2,1 (min),4,4,2,5 (max),2,4,4,4,3,4,4,1 (min),4,5 (max),3,5 (max),3,5 (max),2,4,4,4,4,4,4,4,2,4,3,1 (min),4,5 (max),2
06/09/2024 11.31.13,5ff69d1bc672b42599de4bd6,4,4,5 (max),4,5 (max),2,4,4,2,5 (max),3,5 (max),2,5 (max),4,4,5 (max),1 (min),5 (max),2,1 (min),3,4,3,5 (max),1 (min),4,4,5 (max),2,2,5 (max),1 (min),5 (max),5 (max),2,5 (max),2,5 (max),3,3,4,4,3,5 (max),3,5 (max),4,4,3,2,4,5 (max),2
06/09/2024 17.36.08,5819b1e0ac56c20001b199fa,3,5 (max),3,5 (max),3,3,4,3,2,5 (max),2,5 (max),3,5 (max),4,5 (max),5 (max),3,5 (max),4,1 (min),5 (max),4,3,5 (max),4,2,5 (max),4,3,2,5 (max),1 (min),5 (max),5 (max),5 (max),5 (max),3,5 (max),4,2,5 (max),5 (max),4,5 (max),4,3,3,5 (max),3,1 (min),4,5 (max),2
06/09/2024 17.39.06,5c2a4650aaffb80001bf0917,4,3,4,1 (min),5 (max),4,3,1 (min),3,3,2,2,2,5 (max),4,5 (max),1 (min),1 (min),1 (min),1 (min),1 (min),5 (max),3,2,4,1 (min),4,4,4,1 (min),3,5 (max),1 (min),5 (max),5 (max),1 (min),4,1 (min),4,1 (min),3,2,4,1 (min),4,1 (min),4,1 (min),5 (max),1 (min),3,3,5 (max),1 (min)
06/09/2024 17.52.24,5e6e853c1b327543ad8df90e,3,3,2,1 (min),2,1 (min),2,2,3,2,3,3,4,4,3,5 (max),2,2,4,1 (min),1 (min),5 (max),3,2,4,1 (min),2,4,2,1 (min),2,5 (max),2,4,4,2,4,1 (min),4,1 (min),2,4,4,2,4,2,2,2,3,2,2,3,5 (max),1 (min)